Recall,Precision
0.000000000000000000e+00,1.000000000000000000e+00
4.102563951164484024e-03,1.000000000000000000e+00
6.153846159577369690e-03,1.000000000000000000e+00
8.205127902328968048e-03,1.000000000000000000e+00
1.025641057640314102e-02,1.000000000000000000e+00
1.230769231915473938e-02,1.000000000000000000e+00
1.435897406190633774e-02,1.000000000000000000e+00
1.641025580465793610e-02,1.000000000000000000e+00
1.846153847873210907e-02,1.000000000000000000e+00
2.051282115280628204e-02,1.000000000000000000e+00
2.256410196423530579e-02,1.000000000000000000e+00
2.461538463830947876e-02,1.000000000000000000e+00
2.666666731238365173e-02,1.000000000000000000e+00
2.871794812381267548e-02,1.000000000000000000e+00
3.076923079788684845e-02,1.000000000000000000e+00
3.282051160931587219e-02,1.000000000000000000e+00
3.487179428339004517e-02,1.000000000000000000e+00
3.692307695746421814e-02,1.000000000000000000e+00
3.794871643185615540e-02,1.000000000000000000e+00
3.999999910593032837e-02,1.000000000000000000e+00
4.205128178000450134e-02,1.000000000000000000e+00
4.410256445407867432e-02,1.000000000000000000e+00
4.615384712815284729e-02,1.000000000000000000e+00
4.820512980222702026e-02,1.000000000000000000e+00
5.025640875101089478e-02,1.000000000000000000e+00
5.230769142508506775e-02,1.000000000000000000e+00
5.435897409915924072e-02,1.000000000000000000e+00
5.641025677323341370e-02,1.000000000000000000e+00
5.846153944730758667e-02,1.000000000000000000e+00
6.051282212138175964e-02,1.000000000000000000e+00
6.256410479545593262e-02,1.000000000000000000e+00
6.461538374423980713e-02,1.000000000000000000e+00
6.666667014360427856e-02,1.000000000000000000e+00
6.871794909238815308e-02,1.000000000000000000e+00
7.076922804117202759e-02,1.000000000000000000e+00
7.282051444053649902e-02,1.000000000000000000e+00
7.487179338932037354e-02,1.000000000000000000e+00
7.589743286371231079e-02,1.000000000000000000e+00
7.794871926307678223e-02,1.000000000000000000e+00
7.999999821186065674e-02,1.000000000000000000e+00
8.205128461122512817e-02,1.000000000000000000e+00
8.410256356000900269e-02,1.000000000000000000e+00
8.615384250879287720e-02,1.000000000000000000e+00
8.820512890815734863e-02,1.000000000000000000e+00
9.025640785694122314e-02,1.000000000000000000e+00
9.230769425630569458e-02,1.000000000000000000e+00
9.435897320508956909e-02,1.000000000000000000e+00
9.641025960445404053e-02,1.000000000000000000e+00
9.846153855323791504e-02,1.000000000000000000e+00
1.005128175020217896e-01,1.000000000000000000e+00
1.025641039013862610e-01,1.000000000000000000e+00
1.046153828501701355e-01,1.000000000000000000e+00
1.066666692495346069e-01,1.000000000000000000e+00
1.087179481983184814e-01,1.000000000000000000e+00
1.107692271471023560e-01,1.000000000000000000e+00
1.128205135464668274e-01,1.000000000000000000e+00
1.138461530208587646e-01,1.000000000000000000e+00
1.158974394202232361e-01,1.000000000000000000e+00
1.179487183690071106e-01,1.000000000000000000e+00
1.199999973177909851e-01,1.000000000000000000e+00
1.220512837171554565e-01,1.000000000000000000e+00
1.241025626659393311e-01,1.000000000000000000e+00
1.261538416147232056e-01,1.000000000000000000e+00
1.282051354646682739e-01,1.000000000000000000e+00
1.302564144134521484e-01,1.000000000000000000e+00
1.323076933622360229e-01,1.000000000000000000e+00
1.343589723110198975e-01,1.000000000000000000e+00
1.364102512598037720e-01,1.000000000000000000e+00
1.384615451097488403e-01,1.000000000000000000e+00
1.405128240585327148e-01,1.000000000000000000e+00
1.425641030073165894e-01,1.000000000000000000e+00
1.446153819561004639e-01,1.000000000000000000e+00
1.466666609048843384e-01,1.000000000000000000e+00
1.487179547548294067e-01,1.000000000000000000e+00
1.507692337036132812e-01,1.000000000000000000e+00
1.517948657274246216e-01,1.000000000000000000e+00
1.538461595773696899e-01,1.000000000000000000e+00
1.558974385261535645e-01,1.000000000000000000e+00
1.579487174749374390e-01,1.000000000000000000e+00
1.599999964237213135e-01,1.000000000000000000e+00
1.620512753725051880e-01,1.000000000000000000e+00
1.641025692224502563e-01,1.000000000000000000e+00
1.661538481712341309e-01,1.000000000000000000e+00
1.682051271200180054e-01,1.000000000000000000e+00
1.702564060688018799e-01,1.000000000000000000e+00
1.723076850175857544e-01,1.000000000000000000e+00
1.743589788675308228e-01,1.000000000000000000e+00
1.764102578163146973e-01,1.000000000000000000e+00
1.784615367650985718e-01,1.000000000000000000e+00
1.805128157138824463e-01,1.000000000000000000e+00
1.825641095638275146e-01,1.000000000000000000e+00
1.846153885126113892e-01,1.000000000000000000e+00
1.866666674613952637e-01,1.000000000000000000e+00
1.887179464101791382e-01,1.000000000000000000e+00
1.897435933351516724e-01,1.000000000000000000e+00
1.917948722839355469e-01,1.000000000000000000e+00
1.938461512327194214e-01,1.000000000000000000e+00
1.958974301815032959e-01,1.000000000000000000e+00
1.979487240314483643e-01,1.000000000000000000e+00
2.000000029802322388e-01,1.000000000000000000e+00
2.020512819290161133e-01,1.000000000000000000e+00
2.041025608777999878e-01,1.000000000000000000e+00
2.061538398265838623e-01,1.000000000000000000e+00
2.082051336765289307e-01,1.000000000000000000e+00
2.102564126253128052e-01,1.000000000000000000e+00
2.123076915740966797e-01,1.000000000000000000e+00
2.133333384990692139e-01,9.952152967453002930e-01
2.153846174478530884e-01,9.952606558799743652e-01
2.174358963966369629e-01,9.953051805496215820e-01
2.194871753454208374e-01,9.953488111495971680e-01
2.215384542942047119e-01,9.953917264938354492e-01
2.235897481441497803e-01,9.954338073730468750e-01
2.256410270929336548e-01,9.954751133918762207e-01
2.266666740179061890e-01,9.954954981803894043e-01
2.287179529666900635e-01,9.955357313156127930e-01
2.307692319154739380e-01,9.955752491950988770e-01
2.328205108642578125e-01,9.956140518188476562e-01
2.348717898130416870e-01,9.956521987915039062e-01
2.369230836629867554e-01,9.956896305084228516e-01
2.389743626117706299e-01,9.957264661788940430e-01
2.410256415605545044e-01,9.957627058029174805e-01
2.430769205093383789e-01,9.957982897758483887e-01
2.451281994581222534e-01,9.958333373069763184e-01
2.471794933080673218e-01,9.958677887916564941e-01
2.492307722568511963e-01,9.959016442298889160e-01
2.512820661067962646e-01,9.959349632263183594e-01
2.533333301544189453e-01,9.959677457809448242e-01
2.553846240043640137e-01,9.959999918937683105e-01
2.574358880519866943e-01,9.960317611694335938e-01
2.594871819019317627e-01,9.960629940032958984e-01
2.615384757518768311e-01,9.960937500000000000e-01
2.635897397994995117e-01,9.961240291595458984e-01
2.646153867244720459e-01,9.961389899253845215e-01
2.666666805744171143e-01,9.961685538291931152e-01
2.687179446220397949e-01,9.961977005004882812e-01
2.707692384719848633e-01,9.962264299392700195e-01
2.728205025196075439e-01,9.962546825408935547e-01
2.748717963695526123e-01,9.962825179100036621e-01
2.779487073421478271e-01,9.963235259056091309e-01
2.800000011920928955e-01,9.963503479957580566e-01
2.820512950420379639e-01,9.963768124580383301e-01
2.841025590896606445e-01,9.964028596878051758e-01
2.861538529396057129e-01,9.964285492897033691e-01
2.882051169872283936e-01,9.964538812637329102e-01
2.902564108371734619e-01,9.964788556098937988e-01
2.923077046871185303e-01,9.965034723281860352e-01
2.943589687347412109e-01,9.965277910232543945e-01
2.964102625846862793e-01,9.965517520904541016e-01
2.984615266323089600e-01,9.965753555297851562e-01
3.005128204822540283e-01,9.965986609458923340e-01
3.015384674072265625e-01,9.966101646423339844e-01
3.035897314548492432e-01,9.966329932212829590e-01
3.046153783798217773e-01,9.933110475540161133e-01
3.066666722297668457e-01,9.933554530143737793e-01
3.087179362773895264e-01,9.933993220329284668e-01
3.107692301273345947e-01,9.934425950050354004e-01
3.128205239772796631e-01,9.934853315353393555e-01
3.148717880249023438e-01,9.935275316238403320e-01
3.169230818748474121e-01,9.935691356658935547e-01
3.189743459224700928e-01,9.936102032661437988e-01
3.210256397724151611e-01,9.936507940292358398e-01
3.230769336223602295e-01,9.936908483505249023e-01
3.251281976699829102e-01,9.937304258346557617e-01
3.271794915199279785e-01,9.937694668769836426e-01
3.292307555675506592e-01,9.938080310821533203e-01
3.312820494174957275e-01,9.938461780548095703e-01
3.333333432674407959e-01,9.938837885856628418e-01
3.353846073150634766e-01,9.939209818840026855e-01
3.374359011650085449e-01,9.939576983451843262e-01
3.384615480899810791e-01,9.939758777618408203e-01
3.405128121376037598e-01,9.940119981765747070e-01
3.425641059875488281e-01,9.940476417541503906e-01
3.446153700351715088e-01,9.940828680992126465e-01
3.466666638851165771e-01,9.941176176071166992e-01
3.487179577350616455e-01,9.941520690917968750e-01
3.507692217826843262e-01,9.941860437393188477e-01
3.528205156326293945e-01,9.942196607589721680e-01
3.548718094825744629e-01,9.942528605461120605e-01
3.569230735301971436e-01,9.942857027053833008e-01
3.589743673801422119e-01,9.943181872367858887e-01
3.610256314277648926e-01,9.943502545356750488e-01
3.630769252777099609e-01,9.943820238113403320e-01
3.651282191276550293e-01,9.944134354591369629e-01
3.671794831752777100e-01,9.944444298744201660e-01
3.692307770252227783e-01,9.944751262664794922e-01
3.712820410728454590e-01,9.945054650306701660e-01
3.733333349227905273e-01,9.945355057716369629e-01
3.753846287727355957e-01,9.945651888847351074e-01
3.764102458953857422e-01,9.945799708366394043e-01
3.784615397453308105e-01,9.946091771125793457e-01
3.805128335952758789e-01,9.946380853652954102e-01
3.825640976428985596e-01,9.946666955947875977e-01
3.846153914928436279e-01,9.946949481964111328e-01
3.856410384178161621e-01,9.920844435691833496e-01
3.876923024654388428e-01,9.921259880065917969e-01
3.897435963153839111e-01,9.921671152114868164e-01
3.917948603630065918e-01,9.922077655792236328e-01
3.938461542129516602e-01,9.922480583190917969e-01
3.958974480628967285e-01,9.922879338264465332e-01
3.989743590354919434e-01,9.923469424247741699e-01
4.010256528854370117e-01,9.923858046531677246e-01
4.030769169330596924e-01,9.924242496490478516e-01
4.051282107830047607e-01,9.924623370170593262e-01
4.071794748306274414e-01,9.925000071525573730e-01
4.092307686805725098e-01,9.925373196601867676e-01
4.112820625305175781e-01,9.925742745399475098e-01
4.133333265781402588e-01,9.926108121871948242e-01
4.143589735031127930e-01,9.926289916038513184e-01
4.164102673530578613e-01,9.926650524139404297e-01
4.174358844757080078e-01,9.902676343917846680e-01
4.194871783256530762e-01,9.903147816658020020e-01
4.215384721755981445e-01,9.903614521026611328e-01
4.235897362232208252e-01,9.904076457023620605e-01
4.256410300731658936e-01,9.904534816741943359e-01
4.276922941207885742e-01,9.904988408088684082e-01
4.297435879707336426e-01,9.905437231063842773e-01
4.317948818206787109e-01,9.905882477760314941e-01
4.338461458683013916e-01,9.906322956085205078e-01
4.358974397182464600e-01,9.906759858131408691e-01
4.379487037658691406e-01,9.907192587852478027e-01
4.399999976158142090e-01,9.907621145248413086e-01
4.420512914657592773e-01,9.908046126365661621e-01
4.441025555133819580e-01,9.908466935157775879e-01
4.461538493633270264e-01,9.908883571624755859e-01
4.482051134109497070e-01,9.909297227859497070e-01
4.502564072608947754e-01,9.909706711769104004e-01
4.512820541858673096e-01,9.909909963607788086e-01
4.533333480358123779e-01,9.910314083099365234e-01
4.553846120834350586e-01,9.910714030265808105e-01
4.564102590084075928e-01,9.888888597488403320e-01
4.584615528583526611e-01,9.889380335807800293e-01
4.605128169059753418e-01,9.889867901802062988e-01
4.625641107559204102e-01,9.890350699424743652e-01
4.646153748035430908e-01,9.890829920768737793e-01
4.666666686534881592e-01,9.891304373741149902e-01
4.697435796260833740e-01,9.892008900642395020e-01
4.717948734760284424e-01,9.892473220825195312e-01
4.738461673259735107e-01,9.892933368682861328e-01
4.758974313735961914e-01,9.893389940261840820e-01
4.769230782985687256e-01,9.872611761093139648e-01
4.789743721485137939e-01,9.873149991035461426e-01
4.810256361961364746e-01,9.873684048652648926e-01
4.830769300460815430e-01,9.874213933944702148e-01
4.851281940937042236e-01,9.874739050865173340e-01
4.871794879436492920e-01,9.875259995460510254e-01
4.882051348686218262e-01,9.875518679618835449e-01
4.902563989162445068e-01,9.876033067703247070e-01
4.923076927661895752e-01,9.876543283462524414e-01
4.943589866161346436e-01,9.877049326896667480e-01
4.953846037387847900e-01,9.857142567634582520e-01
4.974358975887298584e-01,9.857723712921142578e-01
4.994871914386749268e-01,9.858299493789672852e-01
5.015384554862976074e-01,9.858871102333068848e-01
5.035897493362426758e-01,9.859437942504882812e-01
5.056410431861877441e-01,9.860000014305114746e-01
5.076923370361328125e-01,9.860557913780212402e-01
5.087179541587829590e-01,9.841269850730895996e-01
5.107692480087280273e-01,9.841897487640380859e-01
5.128205418586730957e-01,9.842519760131835938e-01
5.148717761039733887e-01,9.843137264251708984e-01
5.169230699539184570e-01,9.843750000000000000e-01
5.189743638038635254e-01,9.844357967376708984e-01
5.210256576538085938e-01,9.844961166381835938e-01
5.230769515037536621e-01,9.845559597015380859e-01
5.241025686264038086e-01,9.845857620239257812e-01
5.261538624763488770e-01,9.846448898315429688e-01
5.282051563262939453e-01,9.847036600112915039e-01
5.302563905715942383e-01,9.847618937492370605e-01
5.323076844215393066e-01,9.848197102546691895e-01
5.343589782714843750e-01,9.848771095275878906e-01
5.364102721214294434e-01,9.849340915679931641e-01
5.384615659713745117e-01,9.849905967712402344e-01
5.405128002166748047e-01,9.850467443466186523e-01
5.425640940666198730e-01,9.851024150848388672e-01
5.446153879165649414e-01,9.851577281951904297e-01
5.466666817665100098e-01,9.852125644683837891e-01
5.487179756164550781e-01,9.852670431137084961e-01
5.507692098617553711e-01,9.853211045265197754e-01
5.528205037117004395e-01,9.853747487068176270e-01
5.548717975616455078e-01,9.854280352592468262e-01
5.569230914115905762e-01,9.854809641838073730e-01
5.579487085342407227e-01,9.837251305580139160e-01
5.600000023841857910e-01,9.837837815284729004e-01
5.600000023841857910e-01,9.820144176483154297e-01
5.620512962341308594e-01,9.820788502693176270e-01
5.641025900840759277e-01,9.821428656578063965e-01
5.661538243293762207e-01,9.822064042091369629e-01
5.671795010566711426e-01,9.804964661598205566e-01
5.682051181793212891e-01,9.787985682487487793e-01
5.702564120292663574e-01,9.788732528686523438e-01
5.723077058792114258e-01,9.789473414421081543e-01
5.743589997291564941e-01,9.790209531784057617e-01
5.764102339744567871e-01,9.790940880775451660e-01
5.784615278244018555e-01,9.791666865348815918e-01
5.794872045516967773e-01,9.775086641311645508e-01
5.815384387969970703e-01,9.775862097740173340e-01
5.835897326469421387e-01,9.776632189750671387e-01
5.856410264968872070e-01,9.777397513389587402e-01
5.876923203468322754e-01,9.778156876564025879e-01
5.887179374694824219e-01,9.761904478073120117e-01
5.907692313194274902e-01,9.762712121009826660e-01
5.917948484420776367e-01,9.763113260269165039e-01
5.938461422920227051e-01,9.763912558555603027e-01
5.958974361419677734e-01,9.764705896377563477e-01
5.979487299919128418e-01,9.765493869781494141e-01
6.000000238418579102e-01,9.766277074813842773e-01
6.020512580871582031e-01,9.767054915428161621e-01
6.041025519371032715e-01,9.767827391624450684e-01
6.061538457870483398e-01,9.768595099449157715e-01
6.082051396369934082e-01,9.769357442855834961e-01
6.102564334869384766e-01,9.770115017890930176e-01
6.123076677322387695e-01,9.770867228507995605e-01
6.143589615821838379e-01,9.771615266799926758e-01
6.164102554321289062e-01,9.772357940673828125e-01
6.184615492820739746e-01,9.773095846176147461e-01
6.205128431320190430e-01,9.773828983306884766e-01
6.225640773773193359e-01,9.774557352066040039e-01
6.246153712272644043e-01,9.775280952453613281e-01
6.266666650772094727e-01,9.775999784469604492e-01
6.287179589271545410e-01,9.776714444160461426e-01
6.297435760498046875e-01,9.777070283889770508e-01
6.317948698997497559e-01,9.777777791023254395e-01
6.338461637496948242e-01,9.778481125831604004e-01
6.358974575996398926e-01,9.779179692268371582e-01
6.379486918449401855e-01,9.779874086380004883e-01
6.399999856948852539e-01,9.780564308166503906e-01
6.420512795448303223e-01,9.781249761581420898e-01
6.430768966674804688e-01,9.766355156898498535e-01
6.451281905174255371e-01,9.767080545425415039e-01
6.461538672447204590e-01,9.752321839332580566e-01
6.482051014900207520e-01,9.753086566925048828e-01
6.502563953399658203e-01,9.753845930099487305e-01
6.523076891899108887e-01,9.754601120948791504e-01
6.543589830398559570e-01,9.755351543426513672e-01
6.553846001625061035e-01,9.740853905677795410e-01
6.574358940124511719e-01,9.741641283035278320e-01
6.594871878623962402e-01,9.742424488067626953e-01
6.615384817123413086e-01,9.743202328681945801e-01
6.635897159576416016e-01,9.743975996971130371e-01
6.635897159576416016e-01,9.729323387145996094e-01
6.656410098075866699e-01,9.730135202407836914e-01
6.676923036575317383e-01,9.730941653251647949e-01
6.697435975074768066e-01,9.731743931770324707e-01
6.697435975074768066e-01,9.702823162078857422e-01
6.717948913574218750e-01,9.703703522682189941e-01
6.728205084800720215e-01,9.689807891845703125e-01
6.748718023300170898e-01,9.690721631050109863e-01
6.758974194526672363e-01,9.676945805549621582e-01
6.779487133026123047e-01,9.677891731262207031e-01
6.800000071525573730e-01,9.678832292556762695e-01
6.820513010025024414e-01,9.679766893386840820e-01
6.841025352478027344e-01,9.680696725845336914e-01
6.861538290977478027e-01,9.681620597839355469e-01
6.871795058250427246e-01,9.668109416961669922e-01
6.882051229476928711e-01,9.654676318168640137e-01
6.902564167976379395e-01,9.655666947364807129e-01
6.923077106475830078e-01,9.656652212142944336e-01
6.933333277702331543e-01,9.643366336822509766e-01
6.943589448928833008e-01,9.643874764442443848e-01
6.964102387428283691e-01,9.644886255264282227e-01
6.984615325927734375e-01,9.645892381668090820e-01
6.984615325927734375e-01,9.618644118309020996e-01
7.005128264427185059e-01,9.619718194007873535e-01
7.025641202926635742e-01,9.620786309242248535e-01
7.035897374153137207e-01,9.607843160629272461e-01
7.056410312652587891e-01,9.608938694000244141e-01
7.076923251152038574e-01,9.610027670860290527e-01
7.097436189651489258e-01,9.611111283302307129e-01
7.117948532104492188e-01,9.612188339233398438e-01
7.128205299377441406e-01,9.599447250366210938e-01
7.138461470603942871e-01,9.586777091026306152e-01
7.148718237876892090e-01,9.574176073074340820e-01
7.158974409103393555e-01,9.561643600463867188e-01
7.179487347602844238e-01,9.562841653823852539e-01
7.189743518829345703e-01,9.550408720970153809e-01
7.189743518829345703e-01,9.524456262588500977e-01
7.210256457328796387e-01,9.525745511054992676e-01
7.220512628555297852e-01,9.526386857032775879e-01
7.241025567054748535e-01,9.527665376663208008e-01
7.261538505554199219e-01,9.528936743736267090e-01
7.271794676780700684e-01,9.516778588294982910e-01
7.282051444053649902e-01,9.504685401916503906e-01
7.302564382553100586e-01,9.506008028984069824e-01
7.323076725006103516e-01,9.507323503494262695e-01
7.343589663505554199e-01,9.508632421493530273e-01
7.364102602005004883e-01,9.509933590888977051e-01
7.374358773231506348e-01,9.498018622398376465e-01
7.394871711730957031e-01,9.499341249465942383e-01
7.415384650230407715e-01,9.500657320022583008e-01
7.435897588729858398e-01,9.501965641975402832e-01
7.456410527229309082e-01,9.503268003463745117e-01
7.476922869682312012e-01,9.504563212394714355e-01
7.487179636955261230e-01,9.492847919464111328e-01
7.507692575454711914e-01,9.494163393974304199e-01
7.517948746681213379e-01,9.482535719871520996e-01
7.538461685180664062e-01,9.483870863914489746e-01
7.548717856407165527e-01,9.484536051750183105e-01
7.569230794906616211e-01,9.485861063003540039e-01
7.589743733406066895e-01,9.487179517745971680e-01
7.610256671905517578e-01,9.488490819931030273e-01
7.630769014358520508e-01,9.489796161651611328e-01
7.651281952857971191e-01,9.491094350814819336e-01
7.671794891357421875e-01,9.492385983467102051e-01
7.692307829856872559e-01,9.493671059608459473e-01
7.702564001083374023e-01,9.482323527336120605e-01
7.723076939582824707e-01,9.483627080917358398e-01
7.743589878082275391e-01,9.484924674034118652e-01
7.764102816581726074e-01,9.486215710639953613e-01
7.774358987808227539e-01,9.474999904632568359e-01
7.794871926307678223e-01,9.476309418678283691e-01
7.815384864807128906e-01,9.477611780166625977e-01
7.825641036033630371e-01,9.466501474380493164e-01
7.835897207260131836e-01,9.455445408821105957e-01
7.846153974533081055e-01,9.444444179534912109e-01
7.866666913032531738e-01,9.445812702178955078e-01
7.876923084259033203e-01,9.446494579315185547e-01
7.897436022758483887e-01,9.447852969169616699e-01
7.907692193984985352e-01,9.436964392662048340e-01
7.928205132484436035e-01,9.438339471817016602e-01
7.938461303710937500e-01,9.427527189254760742e-01
7.948718070983886719e-01,9.416767954826354980e-01
7.958974242210388184e-01,9.406060576438903809e-01
7.979487180709838867e-01,9.407497048377990723e-01
7.989743351936340332e-01,9.396863579750061035e-01
8.010256290435791016e-01,9.398315548896789551e-01
8.030769228935241699e-01,9.399759769439697266e-01
8.051282167434692383e-01,9.401197433471679688e-01
8.061538338661193848e-01,9.390680789947509766e-01
8.071795105934143066e-01,9.380214810371398926e-01
8.082051277160644531e-01,9.369797706604003906e-01
8.092307448387145996e-01,9.359430670738220215e-01
8.102564215660095215e-01,9.349112510681152344e-01
8.112820386886596680e-01,9.338843226432800293e-01
8.123077154159545898e-01,9.339622855186462402e-01
8.143589496612548828e-01,9.341176748275756836e-01
8.153846263885498047e-01,9.330986142158508301e-01
8.164102435111999512e-01,9.320843219757080078e-01
8.164102435111999512e-01,9.299065470695495605e-01
8.174359202384948730e-01,9.289044141769409180e-01
8.174359202384948730e-01,9.267441630363464355e-01
8.194871544837951660e-01,9.269141554832458496e-01
8.205128312110900879e-01,9.259259104728698730e-01
8.225641250610351562e-01,9.260969758033752441e-01
8.246153593063354492e-01,9.262672662734985352e-01
8.266666531562805176e-01,9.264367818832397461e-01
8.276923298835754395e-01,9.254587292671203613e-01
8.297435641288757324e-01,9.256293177604675293e-01
8.317948579788208008e-01,9.257990717887878418e-01
8.338461518287658691e-01,9.259681105613708496e-01
8.348717689514160156e-01,9.250000119209289551e-01
8.358974456787109375e-01,9.240362644195556641e-01
8.379487395286560059e-01,9.242081642150878906e-01
8.389743566513061523e-01,9.242937564849853516e-01
8.399999737739562988e-01,9.233371019363403320e-01
8.410256505012512207e-01,9.223846793174743652e-01
8.420512676239013672e-01,9.214366078376770020e-01
8.420512676239013672e-01,9.193729162216186523e-01
8.420512676239013672e-01,9.173184633255004883e-01
8.441025614738464355e-01,9.175027608871459961e-01
8.461538553237915039e-01,9.176863431930541992e-01
8.461538553237915039e-01,9.156492948532104492e-01
8.482051491737365723e-01,9.158360958099365234e-01
8.502563834190368652e-01,9.160221219062805176e-01
8.502563834190368652e-01,9.140021800994873047e-01
8.502563834190368652e-01,9.119911789894104004e-01
8.512820601463317871e-01,9.110867381095886230e-01
8.523076772689819336e-01,9.101861715316772461e-01
8.533333539962768555e-01,9.092895984649658203e-01
8.543589711189270020e-01,9.083969593048095703e-01
8.543589711189270020e-01,9.064199924468994141e-01
8.543589711189270020e-01,9.044516682624816895e-01
8.553845882415771484e-01,9.045553207397460938e-01
8.553845882415771484e-01,9.025974273681640625e-01
8.564102649688720703e-01,9.017278552055358887e-01
8.574358820915222168e-01,9.008620977401733398e-01
8.574358820915222168e-01,8.989247083663940430e-01
8.574358820915222168e-01,8.969957232475280762e-01
8.574358820915222168e-01,8.950749635696411133e-01
8.584615588188171387e-01,8.942307829856872559e-01
8.605127930641174316e-01,8.944562673568725586e-01
8.625640869140625000e-01,8.946808576583862305e-01
8.635897636413574219e-01,8.938428759574890137e-01
8.635897636413574219e-01,8.919491767883300781e-01
8.635897636413574219e-01,8.900634050369262695e-01
8.635897636413574219e-01,8.881856799125671387e-01
8.646153807640075684e-01,8.873684406280517578e-01
8.656409978866577148e-01,8.865545988082885742e-01
8.656409978866577148e-01,8.846960067749023438e-01
8.656409978866577148e-01,8.828451633453369141e-01
8.666666746139526367e-01,8.820459246635437012e-01
8.676922917366027832e-01,8.821689486503601074e-01
8.687179684638977051e-01,8.813735842704772949e-01
8.707692027091979980e-01,8.816199302673339844e-01
8.728204965591430664e-01,8.818652629852294922e-01
8.748717904090881348e-01,8.821096420288085938e-01
8.758974075317382812e-01,8.813209533691406250e-01
8.769230842590332031e-01,8.805355429649353027e-01
8.769230842590332031e-01,8.787255883216857910e-01
8.789743781089782715e-01,8.789743781089782715e-01
8.789743781089782715e-01,8.771750330924987793e-01
8.810256123542785645e-01,8.774259686470031738e-01
8.820512890815734863e-01,8.766564726829528809e-01
8.841025829315185547e-01,8.769074082374572754e-01
8.841025829315185547e-01,8.751268982887268066e-01
8.851282000541687012e-01,8.743667602539062500e-01
8.861538171768188477e-01,8.736097216606140137e-01
8.871794939041137695e-01,8.728557229042053223e-01
8.871794939041137695e-01,8.710976839065551758e-01
8.871794939041137695e-01,8.693467378616333008e-01
8.871794939041137695e-01,8.684738874435424805e-01
8.892307877540588379e-01,8.687374591827392578e-01
8.902564048767089844e-01,8.679999709129333496e-01
8.912820219993591309e-01,8.672654628753662109e-01
8.923076987266540527e-01,8.665338754653930664e-01
8.933333158493041992e-01,8.658051490783691406e-01
8.933333158493041992e-01,8.640872836112976074e-01
8.953846096992492676e-01,8.643564581871032715e-01
8.953846096992492676e-01,8.626482486724853516e-01
8.964102268218994141e-01,8.619329333305358887e-01
8.984615206718444824e-01,8.622047305107116699e-01
8.994871973991394043e-01,8.614931106567382812e-01
8.994871973991394043e-01,8.598039150238037109e-01
9.015384912490844727e-01,8.600782752037048340e-01
9.015384912490844727e-01,8.583984375000000000e-01
9.015384912490844727e-01,8.567251563072204590e-01
9.025641083717346191e-01,8.560311198234558105e-01
9.035897254943847656e-01,8.553398251533508301e-01
9.035897254943847656e-01,8.536821603775024414e-01
9.035897254943847656e-01,8.528557419776916504e-01
9.035897254943847656e-01,8.512077331542968750e-01
9.046154022216796875e-01,8.505303859710693359e-01
9.046154022216796875e-01,8.488931655883789062e-01
9.056410193443298340e-01,8.482228517532348633e-01
9.066666960716247559e-01,8.475551009178161621e-01
9.087179303169250488e-01,8.478468656539916992e-01
9.087179303169250488e-01,8.462272882461547852e-01
9.097436070442199707e-01,8.455672264099121094e-01
9.107692241668701172e-01,8.449096083641052246e-01
9.107692241668701172e-01,8.433048725128173828e-01
9.107692241668701172e-01,8.417061567306518555e-01
9.107692241668701172e-01,8.401135206222534180e-01
9.107692241668701172e-01,8.385269045829772949e-01
9.117949008941650391e-01,8.378887772560119629e-01
9.117949008941650391e-01,8.363122940063476562e-01
9.128205180168151855e-01,8.356807231903076172e-01
9.138461351394653320e-01,8.350515365600585938e-01
9.138461351394653320e-01,8.334892392158508301e-01
9.138461351394653320e-01,8.327102661132812500e-01
9.138461351394653320e-01,8.311567306518554688e-01
9.148718118667602539e-01,8.305400609970092773e-01
9.148718118667602539e-01,8.289963006973266602e-01
9.148718118667602539e-01,8.274582624435424805e-01
9.148718118667602539e-01,8.259259462356567383e-01
9.158974289894104004e-01,8.253234624862670898e-01
9.158974289894104004e-01,8.238007426261901855e-01
9.169231057167053223e-01,8.232043981552124023e-01
9.179487228393554688e-01,8.226103186607360840e-01
9.179487228393554688e-01,8.211008906364440918e-01
9.179487228393554688e-01,8.195970654487609863e-01
9.179487228393554688e-01,8.180987238883972168e-01
9.200000166893005371e-01,8.184306621551513672e-01
9.200000166893005371e-01,8.169398903846740723e-01
9.210256338119506836e-01,8.163636326789855957e-01
9.210256338119506836e-01,8.148820400238037109e-01
9.210256338119506836e-01,8.134058117866516113e-01
9.220513105392456055e-01,8.128390312194824219e-01
9.220513105392456055e-01,8.121047616004943848e-01
9.230769276618957520e-01,8.115419149398803711e-01
9.230769276618957520e-01,8.100810050964355469e-01
9.230769276618957520e-01,8.086253404617309570e-01
9.230769276618957520e-01,8.071748614311218262e-01
9.230769276618957520e-01,8.057296276092529297e-01
9.241025447845458984e-01,8.051831722259521484e-01
9.241025447845458984e-01,8.037466406822204590e-01
9.251282215118408203e-01,8.032057285308837891e-01
9.261538386344909668e-01,8.026666641235351562e-01
9.261538386344909668e-01,8.012422323226928711e-01
9.261538386344909668e-01,7.998228669166564941e-01
9.261538386344909668e-01,7.984085083007812500e-01
9.261538386344909668e-01,7.969990968704223633e-01
9.271795153617858887e-01,7.964757680892944336e-01
9.271795153617858887e-01,7.950747609138488770e-01
9.271795153617858887e-01,7.936786413192749023e-01
9.271795153617858887e-01,7.922874689102172852e-01
9.282051324844360352e-01,7.924693226814270020e-01
9.292307496070861816e-01,7.919580340385437012e-01
9.292307496070861816e-01,7.905759215354919434e-01
9.302564263343811035e-01,7.900696992874145508e-01
9.302564263343811035e-01,7.886956334114074707e-01
9.302564263343811035e-01,7.873263955116271973e-01
9.302564263343811035e-01,7.859618663787841797e-01
9.312820434570312500e-01,7.854671478271484375e-01
9.312820434570312500e-01,7.841105461120605469e-01
9.323077201843261719e-01,7.836207151412963867e-01
9.323077201843261719e-01,7.822719216346740723e-01
9.323077201843261719e-01,7.809278368949890137e-01
9.323077201843261719e-01,7.795883417129516602e-01
9.343589544296264648e-01,7.799657583236694336e-01
9.353846311569213867e-01,7.794871926307678223e-01
9.353846311569213867e-01,7.781569957733154297e-01
9.353846311569213867e-01,7.768313288688659668e-01
9.353846311569213867e-01,7.755101919174194336e-01
9.353846311569213867e-01,7.741935253143310547e-01
9.353846311569213867e-01,7.735369205474853516e-01
9.353846311569213867e-01,7.722269296646118164e-01
9.374359250068664551e-01,7.726119756698608398e-01
9.374359250068664551e-01,7.713080048561096191e-01
9.384615421295166016e-01,7.708508968353271484e-01
9.394871592521667480e-01,7.703952789306640625e-01
9.394871592521667480e-01,7.691016197204589844e-01
9.405128359794616699e-01,7.686504721641540527e-01
9.405128359794616699e-01,7.673640251159667969e-01
9.405128359794616699e-01,7.660818696022033691e-01
9.415384531021118164e-01,7.656380534172058105e-01
9.415384531021118164e-01,7.643630504608154297e-01
9.435897469520568848e-01,7.647547721862792969e-01
9.435897469520568848e-01,7.634854912757873535e-01
9.446153640747070312e-01,7.630488872528076172e-01
9.446153640747070312e-01,7.617865800857543945e-01
9.446153640747070312e-01,7.605285048484802246e-01
9.456410408020019531e-01,7.600989341735839844e-01
9.466666579246520996e-01,7.596707940101623535e-01
9.466666579246520996e-01,7.590460777282714844e-01
9.466666579246520996e-01,7.577996850013732910e-01
9.466666579246520996e-01,7.565574049949645996e-01
9.466666579246520996e-01,7.553191781044006348e-01
9.466666579246520996e-01,7.540849447250366211e-01
9.466666579246520996e-01,7.528548240661621094e-01
9.466666579246520996e-01,7.516286373138427734e-01
9.466666579246520996e-01,7.504065036773681641e-01
9.466666579246520996e-01,7.491883039474487305e-01
9.466666579246520996e-01,7.479740977287292480e-01
9.466666579246520996e-01,7.467637658119201660e-01
9.466666579246520996e-01,7.455573678016662598e-01
9.466666579246520996e-01,7.443548440933227539e-01
9.466666579246520996e-01,7.431561946868896484e-01
9.466666579246520996e-01,7.419614195823669434e-01
9.476923346519470215e-01,7.415730357170104980e-01
9.476923346519470215e-01,7.403846383094787598e-01
9.476923346519470215e-01,7.391999959945678711e-01
9.476923346519470215e-01,7.380191683769226074e-01
9.476923346519470215e-01,7.374301552772521973e-01
9.476923346519470215e-01,7.362549901008605957e-01
9.476923346519470215e-01,7.350835204124450684e-01
9.476923346519470215e-01,7.339158058166503906e-01
9.476923346519470215e-01,7.327517867088317871e-01
9.487179517745971680e-01,7.323831915855407715e-01
9.497435688972473145e-01,7.320157885551452637e-01
9.497435688972473145e-01,7.308602929115295410e-01
9.497435688972473145e-01,7.297084331512451172e-01
9.497435688972473145e-01,7.285602092742919922e-01
9.507692456245422363e-01,7.282010912895202637e-01
9.507692456245422363e-01,7.270588278770446777e-01
9.517948627471923828e-01,7.267032265663146973e-01
9.517948627471923828e-01,7.255668640136718750e-01
9.517948627471923828e-01,7.244340181350708008e-01
9.517948627471923828e-01,7.233047485351562500e-01
9.517948627471923828e-01,7.221789956092834473e-01
9.517948627471923828e-01,7.210566997528076172e-01
9.517948627471923828e-01,7.199379205703735352e-01
9.517948627471923828e-01,7.193798422813415527e-01
9.528205394744873047e-01,7.190402746200561523e-01
9.538461565971374512e-01,7.187017202377319336e-01
9.538461565971374512e-01,7.175925970077514648e-01
9.538461565971374512e-01,7.164869308471679688e-01
9.548717737197875977e-01,7.161538600921630859e-01
9.548717737197875977e-01,7.150537371635437012e-01
9.548717737197875977e-01,7.139570713043212891e-01
9.569230675697326660e-01,7.143951058387756348e-01
9.569230675697326660e-01,7.133027315139770508e-01
9.569230675697326660e-01,7.122137546539306641e-01
9.579487442970275879e-01,7.118902206420898438e-01
9.579487442970275879e-01,7.108066678047180176e-01
9.579487442970275879e-01,7.097264528274536133e-01
9.589743614196777344e-01,7.094082236289978027e-01
9.589743614196777344e-01,7.083333134651184082e-01
9.589743614196777344e-01,7.072617411613464355e-01
9.589743614196777344e-01,7.061933279037475586e-01
9.589743614196777344e-01,7.051281929016113281e-01
9.589743614196777344e-01,7.045968174934387207e-01
9.589743614196777344e-01,7.035365104675292969e-01
9.599999785423278809e-01,7.032306790351867676e-01
9.599999785423278809e-01,7.021755576133728027e-01
9.610256552696228027e-01,7.018726468086242676e-01
9.610256552696228027e-01,7.008227109909057617e-01
9.610256552696228027e-01,6.997759342193603516e-01
9.610256552696228027e-01,6.987323164939880371e-01
9.610256552696228027e-01,6.976917386054992676e-01
9.620512723922729492e-01,6.973977684974670410e-01
9.620512723922729492e-01,6.963622570037841797e-01
9.630769491195678711e-01,6.960711479187011719e-01
9.630769491195678711e-01,6.950407028198242188e-01
9.630769491195678711e-01,6.940132975578308105e-01
9.630769491195678711e-01,6.929889321327209473e-01
9.630769491195678711e-01,6.919675469398498535e-01
9.630769491195678711e-01,6.909492015838623047e-01
9.630769491195678711e-01,6.899338960647583008e-01
9.641025662422180176e-01,6.896551847457885742e-01
9.641025662422180176e-01,6.891495585441589355e-01
9.641025662422180176e-01,6.881405711174011230e-01
9.651281833648681641e-01,6.878654956817626953e-01
9.661538600921630859e-01,6.875912547111511230e-01
9.661538600921630859e-01,6.865889430046081543e-01
9.661538600921630859e-01,6.855894923210144043e-01
9.661538600921630859e-01,6.845930218696594238e-01
9.661538600921630859e-01,6.835994124412536621e-01
9.661538600921630859e-01,6.826087236404418945e-01
9.671794772148132324e-01,6.823444366455078125e-01
9.671794772148132324e-01,6.813583970069885254e-01
9.671794772148132324e-01,6.803751587867736816e-01
9.671794772148132324e-01,6.793948411941528320e-01
9.671794772148132324e-01,6.784172654151916504e-01
9.671794772148132324e-01,6.774425506591796875e-01
9.682051539421081543e-01,6.771879196166992188e-01
9.692307710647583008e-01,6.769341230392456055e-01
9.692307710647583008e-01,6.759656667709350586e-01
9.702563881874084473e-01,6.761972904205322266e-01
9.702563881874084473e-01,6.752319931983947754e-01
9.712820649147033691e-01,6.749821901321411133e-01
9.712820649147033691e-01,6.740213632583618164e-01
9.712820649147033691e-01,6.730632781982421875e-01
9.712820649147033691e-01,6.721078753471374512e-01
9.712820649147033691e-01,6.711552143096923828e-01
9.712820649147033691e-01,6.702052354812622070e-01
9.712820649147033691e-01,6.692579388618469238e-01
9.712820649147033691e-01,6.683133244514465332e-01
9.712820649147033691e-01,6.673713922500610352e-01
9.712820649147033691e-01,6.664320826530456543e-01
9.712820649147033691e-01,6.654954552650451660e-01
9.712820649147033691e-01,6.645613908767700195e-01
9.712820649147033691e-01,6.636300086975097656e-01
9.712820649147033691e-01,6.627011895179748535e-01
9.723076820373535156e-01,6.624737977981567383e-01
9.723076820373535156e-01,6.615492105484008789e-01
9.733333587646484375e-01,6.613240242004394531e-01
9.743589758872985840e-01,6.615598797798156738e-01
9.743589758872985840e-01,6.606397628784179688e-01
9.743589758872985840e-01,6.597222089767456055e-01
9.753845930099487305e-01,6.595007181167602539e-01
9.764102697372436523e-01,6.592797636985778809e-01
9.764102697372436523e-01,6.583679318428039551e-01
9.774358868598937988e-01,6.581491827964782715e-01
9.774358868598937988e-01,6.572414040565490723e-01
9.774358868598937988e-01,6.563360691070556641e-01
9.774358868598937988e-01,6.554332971572875977e-01
9.774358868598937988e-01,6.545329689979553223e-01
9.774358868598937988e-01,6.536351442337036133e-01
9.774358868598937988e-01,6.527397036552429199e-01
9.774358868598937988e-01,6.518467664718627930e-01
9.784615635871887207e-01,6.516393423080444336e-01
9.784615635871887207e-01,6.507503390312194824e-01
9.784615635871887207e-01,6.498637795448303223e-01
9.784615635871887207e-01,6.489796042442321777e-01
9.784615635871887207e-01,6.480978131294250488e-01
9.784615635871887207e-01,6.476578116416931152e-01
9.784615635871887207e-01,6.467796564102172852e-01
9.784615635871887207e-01,6.459038853645324707e-01
9.784615635871887207e-01,6.450304388999938965e-01
9.794871807098388672e-01,6.448345780372619629e-01
9.794871807098388672e-01,6.439649462699890137e-01
9.794871807098388672e-01,6.430976390838623047e-01
9.794871807098388672e-01,6.422326564788818359e-01
9.805127978324890137e-01,6.420416235923767090e-01
9.805127978324890137e-01,6.411803960800170898e-01
9.805127978324890137e-01,6.403214931488037109e-01
9.805127978324890137e-01,6.394648551940917969e-01
9.805127978324890137e-01,6.386105418205261230e-01
9.805127978324890137e-01,6.377584934234619141e-01
9.805127978324890137e-01,6.369087100028991699e-01
9.805127978324890137e-01,6.360611915588378906e-01
9.805127978324890137e-01,6.352159380912780762e-01
9.805127978324890137e-01,6.343729496002197266e-01
9.805127978324890137e-01,6.335321664810180664e-01
9.805127978324890137e-01,6.331126093864440918e-01
9.805127978324890137e-01,6.322751045227050781e-01
9.805127978324890137e-01,6.314398646354675293e-01
9.805127978324890137e-01,6.306068897247314453e-01
9.805127978324890137e-01,6.297760009765625000e-01
9.815384745597839355e-01,6.296052336692810059e-01
9.815384745597839355e-01,6.287779211997985840e-01
9.815384745597839355e-01,6.279527544975280762e-01
9.815384745597839355e-01,6.271297335624694824e-01
9.825640916824340820e-01,6.269633769989013672e-01
9.825640916824340820e-01,6.261438131332397461e-01
9.825640916824340820e-01,6.253263950347900391e-01
9.835897684097290039e-01,6.251629590988159180e-01
9.835897684097290039e-01,6.243489384651184082e-01
9.835897684097290039e-01,6.235370635986328125e-01
9.835897684097290039e-01,6.227272748947143555e-01
9.846153855323791504e-01,6.225680708885192871e-01
9.846153855323791504e-01,6.217616796493530273e-01
9.846153855323791504e-01,6.209573149681091309e-01
9.846153855323791504e-01,6.205559372901916504e-01
9.846153855323791504e-01,6.197546720504760742e-01
9.846153855323791504e-01,6.189554929733276367e-01
9.846153855323791504e-01,6.181584000587463379e-01
9.846153855323791504e-01,6.173633337020874023e-01
9.846153855323791504e-01,6.165703535079956055e-01
9.856410026550292969e-01,6.164208054542541504e-01
9.856410026550292969e-01,6.156309843063354492e-01
9.856410026550292969e-01,6.148432493209838867e-01
9.856410026550292969e-01,6.140574812889099121e-01
9.856410026550292969e-01,6.132737994194030762e-01
9.856410026550292969e-01,6.124920248985290527e-01
9.856410026550292969e-01,6.117122769355773926e-01
9.856410026550292969e-01,6.109344959259033203e-01
9.856410026550292969e-01,6.101587414741516113e-01
9.856410026550292969e-01,6.093848943710327148e-01
9.856410026550292969e-01,6.086130738258361816e-01
9.856410026550292969e-01,6.078431606292724609e-01
9.856410026550292969e-01,6.070751547813415527e-01
9.856410026550292969e-01,6.066918969154357910e-01
9.856410026550292969e-01,6.059268712997436523e-01
9.856410026550292969e-01,6.051637530326843262e-01
9.856410026550292969e-01,6.044025421142578125e-01
9.856410026550292969e-01,6.036432385444641113e-01
9.856410026550292969e-01,6.028858423233032227e-01
9.856410026550292969e-01,6.021303534507751465e-01
9.856410026550292969e-01,6.013767123222351074e-01
9.866666793823242188e-01,6.012499928474426270e-01
9.866666793823242188e-01,6.004993915557861328e-01
9.866666793823242188e-01,5.997506380081176758e-01
9.866666793823242188e-01,5.990037322044372559e-01
9.866666793823242188e-01,5.982587337493896484e-01
9.866666793823242188e-01,5.975155234336853027e-01
9.866666793823242188e-01,5.967742204666137695e-01
9.866666793823242188e-01,5.960347056388854980e-01
9.866666793823242188e-01,5.952970385551452637e-01
9.866666793823242188e-01,5.945611596107482910e-01
9.866666793823242188e-01,5.938271880149841309e-01
9.866666793823242188e-01,5.934607982635498047e-01
9.866666793823242188e-01,5.927295088768005371e-01
9.866666793823242188e-01,5.920000076293945312e-01
9.866666793823242188e-01,5.912722945213317871e-01
9.866666793823242188e-01,5.905463695526123047e-01
9.866666793823242188e-01,5.898221731185913086e-01
9.866666793823242188e-01,5.890998244285583496e-01
9.866666793823242188e-01,5.883792042732238770e-01
9.866666793823242188e-01,5.876603722572326660e-01
9.866666793823242188e-01,5.869432687759399414e-01
9.866666793823242188e-01,5.862278938293457031e-01
9.866666793823242188e-01,5.855143070220947266e-01
9.866666793823242188e-01,5.848024487495422363e-01
9.866666793823242188e-01,5.840922594070434570e-01
9.866666793823242188e-01,5.833838582038879395e-01
9.866666793823242188e-01,5.826771855354309082e-01
9.866666793823242188e-01,5.819721817970275879e-01
9.866666793823242188e-01,5.812689065933227539e-01
9.876922965049743652e-01,5.811707973480224609e-01
9.876922965049743652e-01,5.808202624320983887e-01
9.876922965049743652e-01,5.801205039024353027e-01
9.876922965049743652e-01,5.794223546981811523e-01
9.876922965049743652e-01,5.787259340286254883e-01
9.876922965049743652e-01,5.780312418937683105e-01
9.887179732322692871e-01,5.779376626014709473e-01
9.887179732322692871e-01,5.772455334663391113e-01
9.887179732322692871e-01,5.765550136566162109e-01
9.897435903549194336e-01,5.764635801315307617e-01
9.897435903549194336e-01,5.757756829261779785e-01
9.897435903549194336e-01,5.750893950462341309e-01
9.897435903549194336e-01,5.744047760963439941e-01
9.897435903549194336e-01,5.737217664718627930e-01
9.897435903549194336e-01,5.730403661727905273e-01
9.897435903549194336e-01,5.723606348037719727e-01
9.897435903549194336e-01,5.716824531555175781e-01
9.897435903549194336e-01,5.710059404373168945e-01
9.897435903549194336e-01,5.703309774398803711e-01
9.897435903549194336e-01,5.699940919876098633e-01
9.897435903549194336e-01,5.693215131759643555e-01
9.897435903549194336e-01,5.686505436897277832e-01
9.897435903549194336e-01,5.679811835289001465e-01
9.897435903549194336e-01,5.673133730888366699e-01
9.897435903549194336e-01,5.666471123695373535e-01
9.897435903549194336e-01,5.659824013710021973e-01
9.897435903549194336e-01,5.653192996978759766e-01
9.897435903549194336e-01,5.646576881408691406e-01
9.897435903549194336e-01,5.639976859092712402e-01
9.897435903549194336e-01,5.633391737937927246e-01
9.897435903549194336e-01,5.626822113990783691e-01
9.897435903549194336e-01,5.620267987251281738e-01
9.897435903549194336e-01,5.613728761672973633e-01
9.897435903549194336e-01,5.607205033302307129e-01
9.907692074775695801e-01,5.606500506401062012e-01
9.907692074775695801e-01,5.600000023841857910e-01
9.907692074775695801e-01,5.593515038490295410e-01
9.907692074775695801e-01,5.587044358253479004e-01
9.907692074775695801e-01,5.583814978599548340e-01
9.907692074775695801e-01,5.577366948127746582e-01
9.907692074775695801e-01,5.570934414863586426e-01
9.917948842048645020e-01,5.570276379585266113e-01
9.928205013275146484e-01,5.569620132446289062e-01
9.928205013275146484e-01,5.563218593597412109e-01
9.928205013275146484e-01,5.556831359863281250e-01
9.928205013275146484e-01,5.550458431243896484e-01
9.928205013275146484e-01,5.544100999832153320e-01
9.928205013275146484e-01,5.537757277488708496e-01
9.928205013275146484e-01,5.531428456306457520e-01
9.928205013275146484e-01,5.525113940238952637e-01
9.928205013275146484e-01,5.518814325332641602e-01
9.928205013275146484e-01,5.512528419494628906e-01
9.928205013275146484e-01,5.506256818771362305e-01
9.928205013275146484e-01,5.500000119209289551e-01
9.928205013275146484e-01,5.493757128715515137e-01
9.928205013275146484e-01,5.487528443336486816e-01
9.928205013275146484e-01,5.481313467025756836e-01
9.928205013275146484e-01,5.478211641311645508e-01
9.928205013275146484e-01,5.472018122673034668e-01
9.938461780548095703e-01,5.471485257148742676e-01
9.938461780548095703e-01,5.465313196182250977e-01
9.948717951774597168e-01,5.464788675308227539e-01
9.948717951774597168e-01,5.458638072013854980e-01
9.948717951774597168e-01,5.452501177787780762e-01
9.948717951774597168e-01,5.446378588676452637e-01
9.948717951774597168e-01,5.440269112586975098e-01
9.948717951774597168e-01,5.434173941612243652e-01
9.948717951774597168e-01,5.428091883659362793e-01
9.948717951774597168e-01,5.422023534774780273e-01
9.948717951774597168e-01,5.415968894958496094e-01
9.958974123001098633e-01,5.415504574775695801e-01
9.958974123001098633e-01,5.409470796585083008e-01
9.958974123001098633e-01,5.403450131416320801e-01
9.958974123001098633e-01,5.397443175315856934e-01
9.958974123001098633e-01,5.391449332237243652e-01
9.958974123001098633e-01,5.385468602180480957e-01
9.958974123001098633e-01,5.382483601570129395e-01
9.958974123001098633e-01,5.376522541046142578e-01
9.958974123001098633e-01,5.370575189590454102e-01
9.958974123001098633e-01,5.364640951156616211e-01
9.958974123001098633e-01,5.358719825744628906e-01
9.958974123001098633e-01,5.352811217308044434e-01
9.958974123001098633e-01,5.346916317939758301e-01
9.958974123001098633e-01,5.341033935546875000e-01
9.958974123001098633e-01,5.335164666175842285e-01
9.958974123001098633e-01,5.329308509826660156e-01
9.958974123001098633e-01,5.323464870452880859e-01
9.958974123001098633e-01,5.317634344100952148e-01
9.958974123001098633e-01,5.311816334724426270e-01
9.958974123001098633e-01,5.306010842323303223e-01
9.958974123001098633e-01,5.300218462944030762e-01
9.969230890274047852e-01,5.299891233444213867e-01
9.969230890274047852e-01,5.294117927551269531e-01
9.969230890274047852e-01,5.288357138633728027e-01
9.969230890274047852e-01,5.282608866691589355e-01
9.969230890274047852e-01,5.279739499092102051e-01
9.969230890274047852e-01,5.274009704589843750e-01
9.969230890274047852e-01,5.268292427062988281e-01
9.969230890274047852e-01,5.262588262557983398e-01
9.969230890274047852e-01,5.256895422935485840e-01
9.969230890274047852e-01,5.251215696334838867e-01
9.969230890274047852e-01,5.245547890663146973e-01
9.969230890274047852e-01,5.239892005920410156e-01
9.969230890274047852e-01,5.234248638153076172e-01
9.969230890274047852e-01,5.228617787361145020e-01
9.969230890274047852e-01,5.222998261451721191e-01
9.969230890274047852e-01,5.217391252517700195e-01
9.969230890274047852e-01,5.211796164512634277e-01
9.969230890274047852e-01,5.206212997436523438e-01
9.969230890274047852e-01,5.200642347335815430e-01
9.969230890274047852e-01,5.195083022117614746e-01
9.979487061500549316e-01,5.194874405860900879e-01
9.979487061500549316e-01,5.189333558082580566e-01
9.979487061500549316e-01,5.183804035186767578e-01
9.979487061500549316e-01,5.181043744087219238e-01
9.979487061500549316e-01,5.175532102584838867e-01
9.979487061500549316e-01,5.170031785964965820e-01
9.979487061500549316e-01,5.164543390274047852e-01
9.979487061500549316e-01,5.159066915512084961e-01
9.979487061500549316e-01,5.153601765632629395e-01
9.979487061500549316e-01,5.148147940635681152e-01
9.979487061500549316e-01,5.142706036567687988e-01
9.979487061500549316e-01,5.137275457382202148e-01
9.979487061500549316e-01,5.131856799125671387e-01
9.979487061500549316e-01,5.126448869705200195e-01
9.979487061500549316e-01,5.121052861213684082e-01
9.979487061500549316e-01,5.115667581558227539e-01
9.979487061500549316e-01,5.110294222831726074e-01
9.979487061500549316e-01,5.104931592941284180e-01
9.989743828773498535e-01,5.104821920394897461e-01
9.989743828773498535e-01,5.099476575851440430e-01
9.989743828773498535e-01,5.094142556190490723e-01
9.989743828773498535e-01,5.088819265365600586e-01
9.989743828773498535e-01,5.086162090301513672e-01
9.989743828773498535e-01,5.080855488777160645e-01
9.989743828773498535e-01,5.075560212135314941e-01
9.989743828773498535e-01,5.070275664329528809e-01
9.989743828773498535e-01,5.065002441406250000e-01
9.989743828773498535e-01,5.059740543365478516e-01
9.989743828773498535e-01,5.054488778114318848e-01
9.989743828773498535e-01,5.049248337745666504e-01
9.989743828773498535e-01,5.044018626213073730e-01
9.989743828773498535e-01,5.038799643516540527e-01
9.989743828773498535e-01,5.033591985702514648e-01
9.989743828773498535e-01,5.028394460678100586e-01
9.989743828773498535e-01,5.023207664489746094e-01
9.989743828773498535e-01,5.018032193183898926e-01
9.989743828773498535e-01,5.012866854667663574e-01
9.989743828773498535e-01,5.007712244987487793e-01
1.000000000000000000e+00,5.007703900337219238e-01
1.000000000000000000e+00,5.002565383911132812e-01
1.000000000000000000e+00,0.000000000000000000e+00
